original,mergic
Blaz Rola,Blaz Rola
Dominika Cibulkova,Dominika Cibulkova
D.Cibulkova,Dominika Cibulkova
Florian Mayer,Florian Mayer
F.Mayer,Florian Mayer
Aljaz Bedene,Aljaz Bedene
A.Bedene,Aljaz Bedene
Pablo Carreno-Busta,Pablo Carreno-Busta
Pablo Carreno Busta,Pablo Carreno-Busta
Casey Dellacqua,Casey Dellacqua
Zuzana Kucova,Zuzana Kucova
Julien Benneteau,Julien Benneteau
J.Benneteau,Julien Benneteau
Donna Vekic,Donna Vekic
D.Vekic,Donna Vekic
Collin Altamirano,Collin Altamirano
Tatjana Maria,Tatjana Maria
T.Maria,Tatjana Maria
Belinda Bencic,Belinda Bencic
Silvia Soler-Espinosa,Silvia Soler-Espinosa
S.Soler-Espinosa,Silvia Soler-Espinosa
Claire Feuerstein,Claire Feuerstein
M.Reid,M.Reid
Katarzyna Piter,Katarzyna Piter
Patricia Mayr-Achleitner,Patricia Mayr-Achleitner
Paula Ormaechea,Paula Ormaechea
P Ormaechea,Paula Ormaechea
Maria Joao Koehler,Maria Joao Koehler
Nikolay Davydenko,Nikolay Davydenko
Caroline Wozniacki,Caroline Wozniacki
C Wozniacki,Caroline Wozniacki
C.Wozniacki,Caroline Wozniacki
C Wozniack,Caroline Wozniacki
Anastasia Pavlyuchenkova,Anastasia Pavlyuchenkova
A.Pavlyuchenkova,Anastasia Pavlyuchenkova
A Pavlyuchenkova,Anastasia Pavlyuchenkova
Evgeny Donskoy,Evgeny Donskoy
E.Donskoy,Evgeny Donskoy
Nina Bratchikova,Nina Bratchikova
N.Bratchikova,Nina Bratchikova
Nadiya Kichenok,Nadiya Kichenok
Mariana Duque-Marino,Mariana Duque-Marino
M.Duque-Marino,Mariana Duque-Marino
Julia Glushko,Julia Glushko
J Glushko,Julia Glushko
J.Janowicz,Jerzy Janowicz
Jerzy Janowicz,Jerzy Janowicz
Victoria Azarenka,Victoria Azarenka
V.Azarenka,Victoria Azarenka
V Azarenka,Victoria Azarenka
Klara Zakopalova,Klara Zakopalova
K.Zakopalova,Klara Zakopalova
C Suarez Navarro,Carla Suarez Navarro
Carla Suarez Navarro,Carla Suarez Navarro
C.Suarez Navarro,Carla Suarez Navarro
Lucie Hradecka,Lucie Hradecka
L.Hradecka,Lucie Hradecka
L Hradecka,Lucie Hradecka
Kristina Mladenovic,Kristina Mladenovic
K.Mladenovic,Kristina Mladenovic
K Mladenovic,Kristina Mladenovic
Johanna Larsson,Johanna Larsson
J.Larsson,Johanna Larsson
Simona Halep,Simona Halep
S.Halep,Simona Halep
S Halep,Simona Halep
Kenny De Schepper,Kenny De Schepper
K.De Schepper,Kenny De Schepper
Alejandro Falla,Alejandro Falla
A.Falla,Alejandro Falla
Alla Kudryavtseva,Alla Kudryavtseva
Sandra Zahlavova,Sandra Zahlavova
Katerina Siniakova,Katerina Siniakova
Xavier Malisse,Xavier Malisse
X.Malisse,Xavier Malisse
K Date-Krumm,Kimiko Date-Krumm
Kimiko Date-Krumm,Kimiko Date-Krumm
K.Date-Krumm,Kimiko Date-Krumm
T.Kamke,Tobias Kamke
Tobias Kamke,Tobias Kamke
K.Bertens,Kiki Bertens
Kiki Bertens,Kiki Bertens
Shahar Peer,Shahar Peer
David Goffin,David Goffin
D.Goffin,David Goffin
Misaki Doi,Misaki Doi
M Doi,Misaki Doi
M.Doi,Misaki Doi
Tim Smyczek,Tim Smyczek
P.Cetkovska,Petra Cetkovska
Petra Cetkovska,Petra Cetkovska
Julia Goerges,Julia Goerges
J.Goerges,Julia Goerges
J Goerges,Julia Goerges
Jurgen Melzer,Jurgen Melzer
J.Melzer,Jurgen Melzer
Brian Baker,Brian Baker
Monica Niculescu,Monica Niculescu
M.Niculescu,Monica Niculescu
Jan Hajek,Jan Hajek
J.Hajek,Jan Hajek
Anna Karolina Schmiedlova,Anna Karolina Schmiedlova
Anna Schmiedlova,Anna Karolina Schmiedlova
A.Schmiedlova,Anna Karolina Schmiedlova
N.Djokovic,Novak Djokovic
Novak Djokovic,Novak Djokovic
M.Kirilenko,Maria Kirilenko
Maria Kirilenko,Maria Kirilenko
M Kirilenko,Maria Kirilenko
Ekaterina Makarova,Ekaterina Makarova
E Makarova,Ekaterina Makarova
E.Makarova,Ekaterina Makarova
Lauren Davis,Lauren Davis
L Davis,Lauren Davis
L.Davis,Lauren Davis
A.Glatch,A.Glatch
Olivia Rogowska,Olivia Rogowska
O Rogowska,Olivia Rogowska
Elena Vesnina,Elena Vesnina
E.Vesnina,Elena Vesnina
A.Bogomolov Jr.,Alex Bogomolov Jr.
Alex Bogomolov Jr.,Alex Bogomolov Jr.
Elena Baltacha,Elena Baltacha
E.Baltacha,Elena Baltacha
Frank Dancevic,Frank Dancevic
Eugenie Bouchard,Eugenie Bouchard
E.Bouchard,Eugenie Bouchard
E Bouchard,Eugenie Bouchard
Roger Federer,Roger Federer
R.Federer,Roger Federer
Daniel Munoz-De La Nava,Daniel Munoz-De La Nava
M.Barthel,Mona Barthel
M Barthel,Mona Barthel
Mona Barthel,Mona Barthel
Rhyne Williams,Rhyne Williams
Thiemo De Bakker,Thiemo De Bakker
T.De Bakker,Thiemo De Bakker
Thiemo de Bakker,Thiemo De Bakker
B.Knittel,B.Knittel
Fernando Verdasco,Fernando Verdasco
F.Verdasco,Fernando Verdasco
Tadeja Majeric,Tadeja Majeric
Yen-Hsun Lu,Yen-Hsun Lu
Y-H.Lu,Yen-Hsun Lu
Karin Knapp,Karin Knapp
K Knapp,Karin Knapp
K.Knapp,Karin Knapp
A Petkovic,Andrea Petkovic
Andrea Petkovic,Andrea Petkovic
A.Petkovic,Andrea Petkovic
Guillaume Rufin,Guillaume Rufin
G.Rufin,Guillaume Rufin
Victor Hanescu,Victor Hanescu
V.Hanescu,Victor Hanescu
Grigor Dimitrov,Grigor Dimitrov
G.Dimitrov,Grigor Dimitrov
S.Arvidsson,Sofia Arvidsson
Sofia Arvidsson,Sofia Arvidsson
S Arvidsson,Sofia Arvidsson
Caroline Garcia,Caroline Garcia
C Garcia,Caroline Garcia
C.Garcia,Caroline Garcia
John Isner,John Isner
J.Isner,John Isner
Rogerio Dutra Silva,Rogerio Dutra Silva
R.Dutra Silva,Rogerio Dutra Silva
Ricardas Berankis,Ricardas Berankis
R.Berankis,Ricardas Berankis
Somdev Devvarman,Somdev Devvarman
T.Moore,T.Moore
F.Pennetta,Flavia Pennetta
Flavia Pennetta,Flavia Pennetta
F Pennetta,Flavia Pennetta
Edouard Roger-Vasselin,Edouard Roger-Vasselin
E.Roger-Vasselin,Edouard Roger-Vasselin
O.Rochus,O.Rochus
Marcos Baghdatis,Marcos Baghdatis
M.Baghdatis,Marcos Baghdatis
Grega Zemlja,Grega Zemlja
G.Zemlja,Grega Zemlja
Marc Gicquel,Marc Gicquel
M.Gicquel,Marc Gicquel
J.Konta,J.Konta
J.Struff,Jan-Lennard Struff
Jan-Lennard Struff,Jan-Lennard Struff
A Ivanovic,Ana Ivanovic
Ana Ivanovic,Ana Ivanovic
A.Ivanovic,Ana Ivanovic
Lucie Safarova,Lucie Safarova
L.Safarova,Lucie Safarova
Nicolas Almagro,Nicolas Almagro
N.Almagro,Nicolas Almagro
Ashleigh Barty,Ashleigh Barty
A Barty,Ashleigh Barty
Hao Chen Tang,Hao Chen Tang
R Vinci,Roberta Vinci
Roberta Vinci,Roberta Vinci
R.Vinci,Roberta Vinci
Elina Svitolina,Elina Svitolina
E Svitolina,Elina Svitolina
E.Svitolina,Elina Svitolina
T.Berdych,Tomas Berdych
Tomas Berdych,Tomas Berdych
Y.Meusburger,Yvonne Meusburger
Yvonne Meusburger,Yvonne Meusburger
Y Meusburger,Yvonne Meusburger
L Robson,Laura Robson
Laura Robson,Laura Robson
L.Robson,Laura Robson
P.Kohlschreiber,Philipp Kohlschreiber
Philipp Kohlschreiber,Philipp Kohlschreiber
Stanislas Wawrinka,Stanislas Wawrinka
S.Wawrinka,Stanislas Wawrinka
Maximo Gonzalez,Maximo Gonzalez
Sam Querrey,Sam Querrey
S.Querrey,Sam Querrey
Lleyton Hewitt,Lleyton Hewitt
L.Hewitt,Lleyton Hewitt
Ernests Gulbis,Ernests Gulbis
E.Gulbis,Ernests Gulbis
Albert Ramos,Albert Ramos
A.Ramos,Albert Ramos
Melinda Czink,Melinda Czink
Madison Keys,Madison Keys
M.Keys,Madison Keys
M Keys,Madison Keys
Dudi Sela,Dudi Sela
F Schiavone,Francesca Schiavone
Francesca Schiavone,Francesca Schiavone
F.Schiavone,Francesca Schiavone
J.Hampton,Jamie Hampton
Jamie Hampton,Jamie Hampton
J Hampton,Jamie Hampton
Ivan Dodig,Ivan Dodig
I.Dodig,Ivan Dodig
Lucas Pouille,Lucas Pouille
Janko Tipsarevic,Janko Tipsarevic
J.Tipsarevic,Janko Tipsarevic
L.Tsurenko,Lesia Tsurenko
Lesia Tsurenko,Lesia Tsurenko
Jo-Wilfried Tsonga,Jo-Wilfried Tsonga
J-W.Tsonga,Jo-Wilfried Tsonga
Mallory Burdette,Mallory Burdette
M Burdette,Mallory Burdette
M.Burdette,Mallory Burdette
Daniel Gimeno-Traver,Daniel Gimeno-Traver
D.Gimeno-Traver,Daniel Gimeno-Traver
L Arruabarrena,Lara Arruabarrena
Lara Arruabarrena,Lara Arruabarrena
L.Arruabarrena,Lara Arruabarrena
Polona Hercog,Polona Hercog
P.Andujar,Pablo Andujar
Pablo Andujar,Pablo Andujar
S.Giraldo,Santiago Giraldo
Santiago Giraldo,Santiago Giraldo
J.Duckworth,James Duckworth
James Duckworth,James Duckworth
S.Bolelli,Simone Bolelli
Simone Bolelli,Simone Bolelli
Jana Cepelova,Jana Cepelova
J.Cepelova,Jana Cepelova
A.Haider-Maurer,Andreas Haider-Maurer
Andreas Haider-Maurer,Andreas Haider-Maurer
Tamira Paszek,Tamira Paszek
T.Paszek,Tamira Paszek
Sachia Vickery,Sachia Vickery
Donald Young,Donald Young
Tommy Robredo,Tommy Robredo
T.Robredo,Tommy Robredo
V.Dolonc,Vesna Dolonc
Vesna Dolonc,Vesna Dolonc
I.Sijsling,Igor Sijsling
Igor Sijsling,Igor Sijsling
Kevin Anderson,Kevin Anderson
K.Anderson,Kevin Anderson
D.Brown,D.Brown
Jimmy Wang,Jimmy Wang
Y-T.Wang,Jimmy Wang
C Vandeweghe,Coco Vandeweghe
Coco Vandeweghe,Coco Vandeweghe
C.Vandeweghe,Coco Vandeweghe
K.Edmund,K.Edmund
I.Begu,Irina-Camelia Begu
Irina-Camelia Begu,Irina-Camelia Begu
J.Zheng,Jie Zheng
J Zheng,Jie Zheng
Jie Zheng,Jie Zheng
Gael Monfils,Gael Monfils
Thomas Fabbiano,Thomas Fabbiano
Teliana Pereira,Teliana Pereira
W.Odesnik,Wayne Odesnik
Wayne Odesnik,Wayne Odesnik
S.Cirstea,Sorana Cirstea
S Cirstea,Sorana Cirstea
Sorana Cirstea,Sorana Cirstea
Blaz Kavcic,Blaz Kavcic
B.Kavcic,Blaz Kavcic
F.Fognini,Fabio Fognini
Fabio Fognini,Fabio Fognini
S.Stakhovsky,Sergiy Stakhovsky
Sergiy Stakhovsky,Sergiy Stakhovsky
A.Mannarino,Adrian Mannarino
Adrian Mannarino,Adrian Mannarino
C.McHale,Christina McHale
Christina McHale,Christina McHale
C McHale,Christina McHale
Bernard Tomic,Bernard Tomic
B.Tomic,Bernard Tomic
V.King,Vania King
Vania King,Vania King
Su-Wei Hsieh,Su-Wei Hsieh
S-W.Hsieh,Su-Wei Hsieh
M.Klizan,Martin Klizan
Martin Klizan,Martin Klizan
A Kerber,Angelique Kerber
A.Kerber,Angelique Kerber
Angelique Kerber,Angelique Kerber
L.Mayer,Leonardo Mayer
Leonardo Mayer,Leonardo Mayer
Illya Marchenko,Illya Marchenko
M.Torro-Flor,Maria-Teresa Torro-Flor
Maria-Teresa Torro-Flor,Maria-Teresa Torro-Flor
Melanie Oudin,Melanie Oudin
M.Oudin,Melanie Oudin
V.Lepchenko,Varvara Lepchenko
Varvara Lepchenko,Varvara Lepchenko
V Lepchenko,Varvara Lepchenko
O Govortsova,Olga Govortsova
O.Govortsova,Olga Govortsova
Olga Govortsova,Olga Govortsova
Luksika Kumkhum,Luksika Kumkhum
Alexandra Cadantu,Alexandra Cadantu
A.Cadantu,Alexandra Cadantu
Milos Raonic,Milos Raonic
M.Raonic,Milos Raonic
Jarmila Gajdosova,Jarmila Gajdosova
D.Tursunov,Dmitry Tursunov
Dmitry Tursunov,Dmitry Tursunov
E.Cabeza Candela,E.Cabeza Candela
A.Kuznetsov,Andrey Kuznetsov
Andrey Kuznetsov,Andrey Kuznetsov
S.Voegele,Stefanie Voegele
Stefanie Voegele,Stefanie Voegele
A.Cornet,Alize Cornet
A Cornet,Alize Cornet
Alize Cornet,Alize Cornet
Steve Darcis,Steve Darcis
S.Darcis,Steve Darcis
M.Puig,Monica Puig
Monica Puig,Monica Puig
A.Radwanska,Agnieszka Radwanska
Agnieszka Radwanska,Agnieszka Radwanska
H.Watson,Heather Watson
H Watson,Heather Watson
Heather Watson,Heather Watson
Pauline Parmentier,Pauline Parmentier
P.Parmentier,Pauline Parmentier
N.Petrova,Nadia Petrova
Nadia Petrova,Nadia Petrova
Alex Kuznetsov,Alex Kuznetsov
Joao Sousa,Joao Sousa
Kei Nishikori,Kei Nishikori
K.Nishikori,Kei Nishikori
S.Stephens,Sloane Stephens
S Stephens,Sloane Stephens
Sloane Stephens,Sloane Stephens
Florent Serra,Florent Serra
M.Llodra,Michael Llodra
Michael Llodra,Michael Llodra
Lukas Rosol,Lukas Rosol
L.Rosol,Lukas Rosol
David Ferrer,David Ferrer
D.Ferrer,David Ferrer
R.Harrison,Ryan Harrison
Ryan Harrison,Ryan Harrison
M.Erakovic,Marina Erakovic
Marina Erakovic,Marina Erakovic
Andreas Seppi,Andreas Seppi
A.Seppi,Andreas Seppi
M Koehler,M Koehler
M.Koehler,M Koehler
R.Oprandi,Romina Oprandi
Romina Oprandi,Romina Oprandi
Shelby Rogers,Shelby Rogers
Storm Sanders,Storm Sanders
K.Kanepi,Kaia Kanepi
Kaia Kanepi,Kaia Kanepi
K Kanepi,Kaia Kanepi
Marion Bartoli,Marion Bartoli
M.Bartoli,Marion Bartoli
Sabine Lisicki,Sabine Lisicki
S Lisicki,Sabine Lisicki
S.Lisicki,Sabine Lisicki
S.Errani,Sara Errani
Sara Errani,Sara Errani
S Errani,Sara Errani
Mikhail Kukushkin,Mikhail Kukushkin
R.Gasquet,Richard Gasquet
Richard Gasquet,Richard Gasquet
Ana Konjuh,Ana Konjuh
K Flipkens,Kirsten Flipkens
Kirsten Flipkens,Kirsten Flipkens
K.Flipkens,Kirsten Flipkens
M.Russell,Michael Russell
Michael Russell,Michael Russell
V Duval,V Duval
F.Lopez,Feliciano Lopez
Feliciano Lopez,Feliciano Lopez
M.Krajicek,M.Krajicek
Ze Zhang,Ze Zhang
K Pliskova,Karolína Plíšková
Karolina Pliskova,Karolína Plíšková
Ka.Pliskova,Karolína Plíšková
Vera Zvonareva,Vera Zvonareva
James Blake,James Blake
J.Blake,James Blake
J.Monaco,Juan Monaco
Juan Monaco,Juan Monaco
Carina Witthoeft,Carina Witthoeft
C.Witthoeft,Carina Witthoeft
Pere Riba,Pere Riba
Mikhail Youzhny,Mikhail Youzhny
M.Youzhny,Mikhail Youzhny
T.Pironkova,Tsvetana Pironkova
Tsvetana Pironkova,Tsvetana Pironkova
S Kuznetsova,Svetlana Kuznetsova
Svetlana Kuznetsova,Svetlana Kuznetsova
Jeremy Chardy,Jeremy Chardy
J.Chardy,Jeremy Chardy
D.Hantuchova,Daniela Hantuchova
Daniela Hantuchova,Daniela Hantuchova
D Hantuchova,Daniela Hantuchova
G.Voskoboeva,Galina Voskoboeva
G Voskoboeva,Galina Voskoboeva
Galina Voskoboeva,Galina Voskoboeva
S.Johnson,Steve Johnson
Steve Johnson,Steve Johnson
Damir Dzumhur,Damir Dzumhur
Gilles Muller,Gilles Muller
A.Murray,Andy Murray
Andy Murray,Andy Murray
Maxime Teixeira,Maxime Teixeira
N.Li,Na Li
N Li,Na Li
Na Li,Na Li
E.Birnerova,E.Birnerova
Michael Berrer,Michael Berrer
Andrej Martin,Andrej Martin
S Stosur,Samantha Stosur
S.Stosur,Samantha Stosur
Samantha Stosur,Samantha Stosur
J.Levine,Jesse Levine
Jesse Levine,Jesse Levine
Arantxa Rus,Arantxa Rus
A.Rus,Arantxa Rus
Thanasi Kokkinakis,Thanasi Kokkinakis
S.Peng,Shuai Peng
S Peng,Shuai Peng
Shuai Peng,Shuai Peng
Peter Gojowczyk,Peter Gojowczyk
Aravane Rezai,Aravane Rezai
S.Murray,S.Murray
Stephane Robert,Stephane Robert
S.Robert,Stephane Robert
G.Pella,Guido Pella
Guido Pella,Guido Pella
Carlos Berlocq,Carlos Berlocq
C.Berlocq,Carlos Berlocq
Marcel Granollers,Marcel Granollers
M.Granollers,Marcel Granollers
M.Sharapova,Maria Sharapova
Maria Sharapova,Maria Sharapova
P Kvitova,Petra Kvitova
Petra Kvitova,Petra Kvitova
P.Kvitova,Petra Kvitova
A.Keothavong,A.Keothavong
Olga Puchkova,Olga Puchkova
O.Puchkova,Olga Puchkova
D.Brands,Daniel Brands
Daniel Brands,Daniel Brands
Timea Babos,Timea Babos
T.Babos,Timea Babos
Aleksandr Nedovyesov,Aleksandr Nedovyesov
Vincent Millot,Vincent Millot
Samuel Groth,Samuel Groth
C Scheepers,Chanelle Scheepers
Chanelle Scheepers,Chanelle Scheepers
C.Scheepers,Chanelle Scheepers
B.Reynolds,B.Reynolds
Dusan Lajovic,Dusan Lajovic
Di Wu,Di Wu
U.Radwanska,Urszula Radwanska
U Radwanska,Urszula Radwanska
Urszula Radwanska,Urszula Radwanska
Dominic Thiem,Dominic Thiem
D.Kudla,Denis Kudla
Denis Kudla,Denis Kudla
Nick Kyrgios,Nick Kyrgios
Mirjana Lucic-Baroni,Mirjana Lucic-Baroni
M.Lucic-Baroni,Mirjana Lucic-Baroni
J.Zopp,Jurgen Zopp
Jurgen Zopp,Jurgen Zopp
M.Johansson,Mathilde Johansson
Mathilde Johansson,Mathilde Johansson
Daniel Evans,Daniel Evans
D Pfizenmaier,Dinah Pfizenmaier
Dinah Pfizenmaier,Dinah Pfizenmaier
A.Tomljanovic,Ajla Tomljanovic
A Tomljanovic,Ajla Tomljanovic
Ajla Tomljanovic,Ajla Tomljanovic
Benoit Paire,Benoit Paire
B.Paire,Benoit Paire
Barbora Zahlavova Strycova,Barbora Zahlavova Strycova
B.Zahlavova Strycova,Barbora Zahlavova Strycova
P.Martic,Petra Martic
Petra Martic,Petra Martic
Thomaz Bellucci,Thomaz Bellucci
N.Mahut,Nicolas Mahut
Nicolas Mahut,Nicolas Mahut
Federico Delbonis,Federico Delbonis
Alejandro Gonzalez,Alejandro Gonzalez
Yung-Jan Chan,Yung-Jan Chan
R.Ram,Rajeev Ram
Rajeev Ram,Rajeev Ram
Robin Haase,Robin Haase
R.Haase,Robin Haase
G.Simon,Gilles Simon
Gilles Simon,Gilles Simon
Jiri Vesely,Jiri Vesely
Roberto Bautista Agut,Roberto Bautista Agut
R.Bautista Agut,Roberto Bautista Agut
M.Camerin,M.Camerin
Y Shvedova,Yaroslava Shvedova
Y.Shvedova,Yaroslava Shvedova
Yaroslava Shvedova,Yaroslava Shvedova
A.Morita,Ayumi Morita
Ayumi Morita,Ayumi Morita
V Dushevina,V Dushevina
Grace Min,Grace Min
Jack Sock,Jack Sock
G.Soeda,Go Soeda
Go Soeda,Go Soeda
B.Mattek-Sands,Bethanie Mattek-Sands
Bethanie Mattek-Sands,Bethanie Mattek-Sands
V.Razzano,Virginie Razzano
Virginie Razzano,Virginie Razzano
M.Rybarikova,Magdalena Rybarikova
Magdalena Rybarikova,Magdalena Rybarikova
Zarina Diyas,Zarina Diyas
P.Lorenzi,Paolo Lorenzi
Paolo Lorenzi,Paolo Lorenzi
A.Hlavackova,Andrea Hlavackova
Andrea Hlavackova,Andrea Hlavackova
M.Alund,Martin Alund
Martin Alund,Martin Alund
Alison Van Uytvanck,Alison Van Uytvanck
M.Ebden,Matthew Ebden
Matthew Ebden,Matthew Ebden
P-H.Mathieu,Paul-Henri Mathieu
Paul-Henri Mathieu,Paul-Henri Mathieu
A.Tatishvili,Anna Tatishvili
A Tatishvili,Anna Tatishvili
Anna Tatishvili,Anna Tatishvili
Benjamin Becker,Benjamin Baker
B.Becker,Benjamin Baker
Irina Falconi,Irina Falconi
C Giorgi,Camila Giorgi
Camila Giorgi,Camila Giorgi
C.Giorgi,Camila Giorgi
A.Montanes,Albert Montanes
Albert Montanes,Albert Montanes
G.Elias,G.Elias
Jesse Huta Galung,Jesse Huta Galung
Denis Istomin,Denis Istomin
D.Istomin,Denis Istomin
Andrey Golubev,Andrey Golubev
M.Przysiezny,Michal Przysiezny
Michal Przysiezny,Michal Przysiezny
M.Matosevic,Marinko Matosevic
Marinko Matosevic,Marinko Matosevic
Kurumi Nara,Kurumi Nara
K Nara,Kurumi Nara
L.Lacko,Lukas Lacko
Lukas Lacko,Lukas Lacko
Ivo Karlovic,Ivo Karlovic
Shuai Zhang,Shuai Zhang
L.Dominguez Lino,Lourdes Dominguez Lino
L Dominguez Lino,Lourdes Dominguez Lino
Lourdes Dominguez Lino,Lourdes Dominguez Lino
Garbine Muguruza,Garbine Muguruza
G.Muguruza,Garbine Muguruza
T.Haas,Tommy Haas
Tommy Haas,Tommy Haas
R.Nadal,Rafael Nadal
Rafael Nadal,Rafael Nadal
V.Troicki,Viktor Troicki
Viktor Troicki,Viktor Troicki
S Williams,Serena Williams
S.Williams,Serena Williams
Serena Williams,Serena Williams
Y.Putintseva,Yulia Putintseva
Yulia Putintseva,Yulia Putintseva
Y Duan,Ying-Ying Duan
Ying-Ying Duan,Ying-Ying Duan
J.Jankovic,Jelena Jankovic
J Jankovic,Jelena Jankovic
Jelena Jankovic,Jelena Jankovic
Bradley Klahn,Bradley Klahn
Albano Olivetti,Albano Olivetti
P.Petzschner,Philipp Petzschner
Philipp Petzschner,Philipp Petzschner
A Dulgheru,A Dulgheru
A.Beck,Andreas Beck
Annika Beck,Andreas Beck
Andreas Beck,Andreas Beck
J.Reister,Julian Reister
Julian Reister,Julian Reister
R.Stepanek,Radek Stepanek
Radek Stepanek,Radek Stepanek
Yuliya Beygelzimer,Yuliya Beygelzimer
Pablo Cuevas,Pablo Cuevas
T.Gabashvili,Teymuraz Gabashvili
Teymuraz Gabashvili,Teymuraz Gabashvili
A.Riske,Alison Riske
A Riske,Alison Riske
Alison Riske,Alison Riske
I.Andreev,I.Andreev
M Minella,Mandy Minella
M.Minella,Mandy Minella
Mandy Minella,Mandy Minella
David Guez,David Guez
Stephanie Foretz Gacon,Stephanie Foretz Gacon
A Medina Garrigues,Anabel Medina Garrigues
A. Medina Garrigues,Anabel Medina Garrigues
A.Medina Garrigues,Anabel Medina Garrigues
Anabel Medina Garrigues,Anabel Medina Garrigues
A Wozniak,Aleksandra Wozniacki
G.Garcia-Lopez,Guillermo Garcia-Lopez
Guillermo Garcia-Lopez,Guillermo Garcia-Lopez
J.Ward,J.Ward
M.Cilic,Marin Cilic
Marin Cilic,Marin Cilic
Filippo Volandri,Filippo Volandri
Irena Pavlovic,Irena Pavlovic
Kr.Pliskova,Kristýna Plíšková
Kristyna Pliskova,Kristýna Plíšková
A.Ungur,Adrian Ungur
Adrian Ungur,Adrian Ungur
A.Dolgopolov,Alexandr Dolgopolov
Alexandr Dolgopolov,Alexandr Dolgopolov
Juan Martin Del Potro,Juan Martin Del Potro
J.Del Potro,Juan Martin Del Potro
L.Kubot,Lukasz Kubot
Lukasz Kubot,Lukasz Kubot
B.Jovanovski,Bojana Jovanovski
B Jovanovski,Bojana Jovanovski
Bojana Jovanovski,Bojana Jovanovski
H.Zeballos,Horacio Zeballos
Horacio Zeballos,Horacio Zeballos
Jordan Thompson,Jordan Thompson
Yanina Wickmayer,Yanina Wickmayer
Y.Wickmayer,Yanina Wickmayer
V.Pospisil,Vasek Pospisil
Vasek Pospisil,Vasek Pospisil
V Williams,Venus Williams
Venus Williams,Venus Williams
M.Larcher De Brito,M.Larcher De Brito
J.Nieminen,Jarkko Nieminen
Jarkko Nieminen,Jarkko Nieminen
